[
  {
    "id": "p1",
    "name": "Apple",
    "price": 2.0,
    "stock": 50,
    "category": "produce",
    "image": "assets/img/apple.png",
    "rating": 4.4
  },
  {
    "id": "p2",
    "name": "Banana",
    "price": 1.2,
    "stock": 60,
    "category": "produce",
    "image": "assets/img/banana.png",
    "rating": 4.2
  },
  {
    "id": "p3",
    "name": "Milk",
    "price": 3.0,
    "stock": 35,
    "category": "dairy",
    "image": "assets/img/milk.png",
    "rating": 4.7
  },
  {
    "id": "p4",
    "name": "Bread",
    "price": 2.5,
    "stock": 30,
    "category": "bakery",
    "image": "assets/img/bread.png",
    "rating": 4.6
  },
  {
    "id": "p5",
    "name": "Coffee",
    "price": 6.5,
    "stock": 25,
    "category": "beverages",
    "image": "assets/img/coffee.png",
    "rating": 4.8
  },
  {
    "id": "p6",
    "name": "Eggs",
    "price": 3.75,
    "stock": 40,
    "category": "dairy",
    "image": "assets/img/eggs.png",
    "rating": 4.5
  }
]