[
  {
    "code": "WELCOME10",
    "type": "percent",
    "value": 10,
    "conditions": {
      "minSubtotal": 10
    }
  },
  {
    "code": "FREESHIP",
    "type": "shipping",
    "value": 0,
    "conditions": {
      "minSubtotal": 25
    }
  },
  {
    "code": "B2G1APPLE",
    "type": "bogo",
    "value": {
      "productId": "p1",
      "buy": 2,
      "get": 1
    }
  },
  {
    "code": "HAPPYHOUR",
    "type": "percent",
    "value": 15,
    "conditions": {
      "hours": [
        17,
        18,
        19
      ]
    }
  }
]